node_id,title,publisher,journal,published_year,published_month,published_day,authors,DOI,URL,abstract.Element:Text
NODE11312398,"“불통과 갈등의 시대, 소통(학)의 변화 모색: 소통권과 소통학의 역할을 중심으로”",한국소통학회,null,2021,11,,null,#N/A,#N/A,"‘불통과 갈등 시대’란 말이 나올 정도로 한국은 물론, 다양한 나라들에서 사회갈등양상은 점점 복잡다기화되고, 그 강도도 더해가고 있다. 이 연구는 디지털기술 발전에도 불구하고, 소통과 공감보다 불통과 갈등이 심해지는 현실을 비판적으로 진단하고, ‘소통권(the right to communicate)’ 중심으로 소통과 소통학의 대응 방향을 찾고자했다. 소통권은 ‘아래로부터(bottom-up)’, 즉, 시민의 생생한 일상이 이루어지는 ‘생활세계’에서 소통의 질적·양적 확장과 성장으로부터 실천되며, 이러한 과정은 참여적 민주주의의 가교이고, ‘소통학’의 핵심 연구주제이기도 하다. 소통학은 불통과 갈등 시대에 맞서 상호교류와 호혜로 갈 수 있는 길을 제시하는 실천적 학문이며, 소통과 공감을바탕으로 사회가 변화하는 과정에서 결정적 역할을 할 수 있다. 이러한 소통학 연구를지원하고, 체계화하며, 현실화하는 과정에서 학회, 즉 학문공동체의 역할은 막중하다.
먼저, 다양한 연구자들과 유관 학문공동체 간 교류 강화가 중요하다. 연구주제 선정부터 이론과 방법론을 정하고, 연구결과를 해석하는 전 과정에서 집단지성이 발휘되도록학보나 특별세션 차원에서 공동연구 지원 프로젝트를 마련한다면, 학문의 확장과 다양성 강화에 유익할 것이다. 소통 관련 학제 간, 학회 간 공동학술대회 개최, 공동연구 프로젝트 발굴과 지원, 공동 신진학자 워크숍 등을 추진하는 것도 제안한다. ‘소통’을 연구하는 신진학자들이 일찍부터 다른 영역이나 학회들에서 이루어지는 소통 연구를 접하고, 교류하고, 배워나간다면 학제 간 연구로서 소통학의 토대를 탄탄히 할 수 있겠다.
다른 학제(인문학이나 기타 사회과학, 공학, 의약학, 보건학 등)에서 전개되는 소통 연구 경향을 그 분야 연구자의 원고로 학술지에 소개할 수 있는 시스템도 필요하다. 이러한 학제 간, 연구자 간 교류가 상호호혜적 배움과 학문의 다양성 원칙 속에서 추진될때 소통학의 패러다임 변화도 가능하며, 불통과 갈등이 아닌 소통과 교류의 시대로 나아갈 수 있을 것이다."
NODE11688919,‘빨리빨리’의 문화정치학: 한국의 ‘속도 커뮤니케이션’에 관한 연구,한국지역언론학회,언론과학연구,2010,9,0,"[""강준만""]",#N/A,#N/A,"‘빨리빨리’라는 행동양식은 한국인들이 영위하는 일상적 삶의 전 국면을 지배하고 있음에도 우리는 ‘빨리빨리’를 커뮤니케이션 연구의 주제로 다루지 않고 있다. 커뮤니케이션의 거시적 환경을 다른 학문 분야로 간주하는 분업의 원리가 낳은 결과로 여겨진다. 본 연구는 이런 문제의식에서 출발하여 ‘빨리빨리’의 문화정치학을 탐구하면서 ‘속도 커뮤니케이션’의 기원과 유형을 제시한다. 여기서 ‘속도 커뮤니케이션’은 ‘속도를 표현하고 촉진하는 커뮤니케이션’으로 ‘속도 자본주의’라는 말이 나올 정도로 속도를 숭배하는 현대사회의 커뮤니케이션 속성을 포괄하는 동시에 ‘빨리빨리’가 유별난 한국 문화의 특수성을 주요 기반으로 삼는 개념이다. 본 논문은 ‘빨리빨리’의 구조적 동인으로 1) 일극주의, 2) 군사주의, 3) 수출주의, 4) 평등주의, 5) 각개약진주의 등에 주목한다. 이들은 공사(公私)를 막론하고 한국인의 커뮤니케이션 행위에 큰 영향을 미치며, 그 반대도 성립된다. 즉, 5대 동인이 ‘빨리빨리’를 촉진했지만, 역으로 ‘빨리빨리’의 원리에 근거한 ‘속도 커뮤니케이션’이 5대 동인을 지속시키거나 강화하는 효과도 냈다는 것이다."
NODE11688919,‘빨리빨리’의 문화정치학: 한국의 ‘속도 커뮤니케이션’에 관한 연구,한국지역언론학회,언론과학연구,2010,9,0,"[""강준만""]",#N/A,#N/A,"‘빨리빨리’라는 행동양식은 한국인들이 영위하는 일상적 삶의 전 국면을 지배하고 있음에도 우리는 ‘빨리빨리’를 커뮤니케이션 연구의 주제로 다루지 않고 있다. 커뮤니케이션의 거시적 환경을 다른 학문 분야로 간주하는 분업의 원리가 낳은 결과로 여겨진다. 본 연구는 이런 문제의식에서 출발하여 ‘빨리빨리’의 문화정치학을 탐구하면서 ‘속도 커뮤니케이션’의 기원과 유형을 제시한다. 여기서 ‘속도 커뮤니케이션’은 ‘속도를 표현하고 촉진하는 커뮤니케이션’으로 ‘속도 자본주의’라는 말이 나올 정도로 속도를 숭배하는 현대사회의 커뮤니케이션 속성을 포괄하는 동시에 ‘빨리빨리’가 유별난 한국 문화의 특수성을 주요 기반으로 삼는 개념이다. 본 논문은 ‘빨리빨리’의 구조적 동인으로 1) 일극주의, 2) 군사주의, 3) 수출주의, 4) 평등주의, 5) 각개약진주의 등에 주목한다. 이들은 공사(公私)를 막론하고 한국인의 커뮤니케이션 행위에 큰 영향을 미치며, 그 반대도 성립된다. 즉, 5대 동인이 ‘빨리빨리’를 촉진했지만, 역으로 ‘빨리빨리’의 원리에 근거한 ‘속도 커뮤니케이션’이 5대 동인을 지속시키거나 강화하는 효과도 냈다는 것이다."
NODE11357360,신명나는 일터는 어떻게 만드는가?: 춘천마임축제 자원봉사자의 사례를 통해 본 ‘신명감정 관리모형’ 탐색,한국PR학회,null,2012,2,,null,#N/A,#N/A,"‘신명나는 일터’는 요즘 흔히 접하는 수사적 표현이다. 그렇다면 일터에서 신명을 어떻게 불러일으킬 것인가? 이 논문은 공중관계(Public Relations) 차원의 감정관리(emotion management) 관점에서, 이러한 질문에 대한 답을 지역축제 자원봉사의 맥락에서 구하고자 했다. 이를 위해 경영학에서 제시된 신바람 관리사이클, 그리고 심리학과 커뮤니케이션 분야의 연구성과를 결합하여 ‘신명감정 관리모형’을 제안하고 서베이 데이터를 통해 실증해 보았다. 분석 결과조직 차원에서는 공동체적 질서를 조성하고, 동료 상사 및 고객과의 의사소통이 원활하게 이루어지도록 하고, 업무의 자율성과 창의성을 고취하고, 업무결과에 대해서 칭찬이나 피드백 같은 보상을 공정하게 제공할 때 선순환의 관리사이클이 작동한다. 그 결과 1차 쾌감, 2차 쾌감 및 공감으로 구성된 신명감정이 유발되고, 결국 재참여 의사로 이어진다. 특히 공동체적 조직질서와 자율성/창의성 고취는 재참여의사에 직접 영향을 미칠 만큼 중요했다. 이러한 연구결과가 갖는 이론적 실무적 함의를 논의했다."
NODE00955804,고대 동양의 신화적 커뮤니케이션 사상,한국언론학회,한국언론학보,2007,10,1,null,null,http://www.dbpia.co.kr/journal/articleDetail?nodeId=NODE00955804,"‘신화’라는 원시 시대의 구어적(口語的)공간 속에 용해되어 있는 동양의 고대 신화적 커뮤니케이션 사상은 무엇인가? 고대 동양의 신화적 커뮤니케이션 사상의 형성과정이 지니고 있는 특징은, 일반적인 신화적 특성과 생태학적 요인에 의해 형성된 동양 특유의 ‘외비우스의 띠’와 같은 구조적 결합을 통해 새로운 차원의 커뮤니케이션 상(想)을 만들어 내고 있는 점이라 하겠다. 신화적 사유들의 물리적 결합이 아니라 ‘뫼비우스 띠’ 형식의 화학적 결합을 통해 형성된 고대 동양의 신화적 커뮤니케이션상은 3상(想)으로 이루어져 있다. 제1상은 커뮤니케이션을 ‘니-너’ 간의 의사소통이 아니라 타자(他者)를 나와 일치시킨 ‘나와 또 다른 나’ 간의 의사소통으로 봄으로써 인간뿐만 아니라 모든 사물과 말을 하고 있는 상이며, 제2상은 커뮤니케이션의 주목적을 정보교환에 두고 있는 것이 아니라 서로 간 ‘의견차이’를 인정하기 위한 이해에 둠으로써 스스로 그러하다는 ‘자연(自然)’을 의사소통의 궁극적 목적으로 하고 있는 상이고, 제3상은 고대 원시인들의 경우 ‘관계’를 통해 사물을 읽었고, 읽은 개별적 내용의 해석을 통해 의미를 찾고자 한 것이 아니라 ‘감정’을 통해 배열한 경험의 총체성에서 신비적 의미를 찾고자 한 상이다."
NODE01427984,언론의 자유와 침묵의 목소리 : 일본 언론과 NHK 사건,서울대학교 언론정보연구소,언론정보연구,2006,2,1,null,null,http://www.dbpia.co.kr/journal/articleDetail?nodeId=NODE01427984,"‘여성국제전범법정’을 다룬 NHK 다큐멘터리의 정치적 외압을 폭로한 일명 ‘NHK 사건’은 일본 주류언론이 정치적 독립성을 유지하고 자유로운 토론의 장이될 수 있는가에 대한 근원적인 질문을 제기한다. 국가 공영방송에 대한 정부여당의 지나친 정치적 개입이 사건의 본질임에도 불구하고, 대다수 일본 언론은 이를 폭로한 기자 개인의 신상을 공격하거나 아사히신문과 NHK라는 두 경쟁 언론사간의 싸움에 초점을 맞춤으로써, 아베신조로 대표되는 일본 우익 인사의 입장을 대변하는 ‘보호견’의 모습을 보였다. 또한 진보언론에 대한 차별적인 공정성 및 균형성 요구와 지속적인 테러 위협은 일본 언론의 정치 스펙트럼 전반을 보다 보수화시켰고, 주간지 내용을 확대ㆍ반복하는 인터넷 대화그룹의 영향력은 자유로운 토론을 더욱 억압하였다. 결국 NHK 사건은 언론의 자유를 수호하고자 하는 바로 그 개념이 역설적으로 어떻게 언론의 자유를 억압하고 침묵의 목소리로 이어졌는지를 여실히 보여주었다. 진정한 자유 언론을 위해서는 시민사회와 지역언론, 그리고 새로운 온라인 네트워크가 상호 협력하여 오늘날 일본 언론에 팽배해 있는 자기검열과 순응의 분위기에 대항하는 힘을 길러야 할 것이다."
NODE09255717,연예이슈가 정치이슈를 덮는가?,한국정치커뮤니케이션학회,null,2019,,,null,#N/A,#N/A,"‘연예이슈가 정치이슈를 덮는다’는 명제는 정치이슈로 집중되어야 할 이용자의 관심을 연예이슈가 분산시키고 있다는 주장을 담고 있다. 이를 실증적으로 검증하고자 이용자의 관심을 ‘뉴스소비’로 조작적 정의하고 ‘연예뉴스 소비가 증가할 때 정치뉴스 소비가 감소하는가’라는 연구문제를 설정했다. 뉴스소비 측정은 포털의 연예뉴스, 정치뉴스 페이지뷰 일간 데이터를 이용하여 측정했으며, 다변량 시계열 회귀분석 VAR 모형의 충격반응분석을 수행했다. 연구결과 모바일에서는 연예뉴스가 정치뉴스 소비에 거의 영향을 미치지 못했다. PC에서는 연예뉴스 소비가 증가할 때, 정치뉴스 소비가 일순간 증가한다는 결과가 나오기도 했다. 데이터의 한계를 감안하더라도 ‘연예이슈가 정치이슈를덮는다’는 명제를 참이라 말하는 데는 신중해질 필요가 있음을 보여주는 결과이다. 또한 매체(PC 대 모바일)에 따른 뉴스소비 행태 차이를 살펴본 결과, 모바일 환경에서 정치뉴스 소비는 PC에 비해 낮은 수준임을 확인했다."
NODE06510496,온라인 소비자 리뷰의 법률문제,한국언론법학회,언론과법,2015,8,30,null,null,http://www.dbpia.co.kr/journal/articleDetail?nodeId=NODE06510496,"‘온라인 소비자 리뷰’(“소비자 리뷰”)의 전성시대다. 소비자 리뷰의 영향력은 갈수록 커지고 있다. 80%의 소비자가 제품 구매 시 구매후기 및 상품평 등의 소비자 리뷰를 항상 확인하기 때문이다. 이에 상품이나 서비스를 제공하는 사업자는 정보통신망 이용촉진 및 정보보호에 관한 법률(“정보통신망법”) 제44조의2를 근거로 한 임시조치제를 이용하여 부정적인 소비자 리뷰를 제거하려고 한다. 온라인서비스제공자는 소비자 리뷰의 적법성을 판단할 수 없다는 이유로 대부분 임시조치를 수용하고 있다. 반면, 소비자는 표현의 자유가 제한된다고 항변한다. 이렇게 소비자 리뷰에 대한 사전 제한은 광범위하게 이루어지고 있으나, 법원은 여러 소비자 리뷰 사례에서 사업자의 명예보다 소비자의 표현의 자유를 넓게 보장해야 한다는 판단을 하고 있다. 양자 사이에 상당한 괴리가 있는 것이다. 법원의 판단기준에 따른다면 소비자 리뷰에 대한 임시조치는 제한적으로만 이루어져야 한다. 하지만, 사업자의 명예를 훼손하는 게시글과 그렇지 않은 게시물을 구분하기 어려우므로 온라인서비스제공자가 임시조치를 제한적으로 시행할 것을 기대하기도 어렵다. 이에 소비자 리뷰의 의미를 분석하고, 사업자, 소비자 및 온라인서비스제공자들 사이의 다양한 이해관계를 조정하는 합리적인 대응방안이 무엇인지, 특히 임시조치제와 관련한 사업자와 소비자 대립의 해소방안은 무엇인지를 모색해 보고자 한다."
NODE06386426,잊혀질 권리에 대한 법적 고찰,한국언론법학회,언론과법,2015,4,30,null,null,http://www.dbpia.co.kr/journal/articleDetail?nodeId=NODE06386426,"‘잊혀질 권리‘를 입법하거나 관련 실체법을 합리적으로 보완하기 위해서는, 관여하고 있는 이해당사자간의 합리적 이해 조율이 긴요하다. 이를 위해 잊혀질 권리를 구성하는 제 요소(정보주체의 성격, 정보의 속성, 정보게재방식 및 서비스태양, 개인정보처리자)의 조합이 어떻게 법적으로 해석되는지 검토해야 한다. 그래야만 잊혀질 권리의 행사 범주나 성부에 대한 법리적 판단이 가능하다. 우선 공적 가치가 명확하게 존재하지 않는 한, 동의받지 않는 개인정보에 대한 무분별적인 인터넷상 유포는 지양되어야 한다. 공인에 관한 개인정보는 공적가치가 없는 내밀적 정보가 아닌 한 원칙적으로 공적 가치가 존재한다고 가정된다. 따라서 공인의 인격권 보호를 위한 잊혀질 권리는 일정 수준 부정될 수 있다. 해당 정보가 부정확하고 불법적인 경우는 아무리 공인일지라도 인격권 침해 구제를 적극적으로 검토할 수 있다. 청소년이나 아동과 같은 미성년자의 경우, 비록 정보통신망법에 적시하고 있는 사생활침해나 명예훼손에 해당하는 경우가 아닐지라도, 소위 갱생의 차원에서 과거 사실에 대한 잊혀질 권리의 적용을 검토할 필요가 있다. 언론사에 의한 취재 결과로서 생성된 정보이거나 저작권이 존재하는 정보 등은, 특별한 사유가 있지 않는 한, 정보주체의 잊혀질 권리 주장은 설득력이 부족하다. 특히 개인정보 주체가 미성년자이거나 공적 가치가 부재함에도, 검색업체나 OSP에 의해 개인정보 획득이 손쉽게 이루어지는 경우는 일정 수준 방지되어야 한다."
NODE02221957,재정건전성 담론 해체하기,한국언론정보학회,한국언론정보학보,2013,8,1,null,null,http://www.dbpia.co.kr/journal/articleDetail?nodeId=NODE02221957,"‘재정건전성’은 사회적 양극화와 복지강화에 대한 사회적 요구에도 불구하고 적극적 재정정책에 제동을 거는 강력한 반론으로서 기능하고 있다. 일반적으로 재정건전성이란 정부 재정의 지속가능성을 가리키는 개념이라고 할 수 있지만 객관적인 지표로 확정되어 있는 것은 아니다. 해당 국가의 잠재력과 경제상황 및 사회적 합의 등에 따라 가변적이다. 어떤 맥락에서 사용하느냐에 따라 진단과 처방이 전혀 다르게 나타날 수 있다. 하지만 국내에서는 재정건전성이 갖는 정치적 편향성에 대한 문제의식이 없을 뿐만 아니라 이를 둘러싼 담론정치를 본격적으로 분석한 연구도 없었다. 이 연구는 재정건전성이라는 정책을 하나의 담론으로 간주하고 이 담론을 구성하는 프레임과 태도, 관점, 세계관을 파악하고자 했다. 담론을 통한 정치가 어떤 논리 및 감성구조로 진행되는지를 살펴본 연구다. 분석을 통해 정책담론으로서 재정건전성은 감세?긴축과 증세?복지라는 상반되는 두 가지 프레임이 상호 경쟁한다는 것을 밝혀냈다. ‘감세?긴축 프레임’에선 복지정책 요구에 반대하며 감세 정책을 옹호한다. 이는 감세?긴축 프레임이 공급중시 경제학의 핵심논리인 ‘낙수효과’와 신자유주의를 내재화하고 있기 때문이다. 반면 ‘증세?복지 프레임’에선 ‘부자감세’를 비판하고 부자증세, 더 나아가 보편증세를 대안으로 제시한다. 여기에는 신자유주의 비판, 공공성회복과 ‘국가의 역할’ 재고찰이라는 입장이 자리잡고 있다."
NODE07246722,대중문화는 ‘전문가-셀러브리티’를 어떻게 구성하고 활용하는가,한국방송학회,한국방송학보,2017,9,30,null,null,http://www.dbpia.co.kr/journal/articleDetail?nodeId=NODE07246722,"‘전문성’을 특징으로 하는 셀러브리티가 주목을 받고 있다. 본 연구는 대표적인 ‘전문가ᐨ셀러브리티’ 세 명을 선정해 이들이 캐릭터로 구성되고 활용되는 과정을 분석했다. 전문가ᐨ셀러브리티를 분석하기 위해 고프먼의 연극적 개념과 이론을 차용하였고, 셀러브리티는 사회적 상호작용을 통해 구성되는 사회문화적 구성물이라는 관점에서 대중문화를 바라보았다. 이러한 기반 위에서, 본 연구는 백종원 · 허지웅 · 최진기, 3인의 캐릭터가 텔레비전 프로그램들을 통해 어떻게 구성되는지, 그리고 이를 매개하는 주요 언론의 미디어 담론의 지형은 어떠한지 분석하였다. 백종원, 허지웅, 최진기는 각각 주부, 뇌섹남, 스타 강사라는 대표적 캐릭터를 형성한다. 이 캐릭터들은 기존의 전문가들이 재현된 방식과 다르게 전문성, 대중성, 개성 등의 속성을 조합하는 특성을 갖는다. 일차적으로 ‘일상적이고 친밀한’ 면이 강조되는데, 이 특성은 수용자들의 일상을 전문화할 수 있는 요소로 제시된다. 한편, 텔레비전은 전문성의 경계를 모호하게 만드는 경향이 있는데, 이 모호한 경계는 이들의 직업적 정체성에서 비롯되는 전문성을 캐릭터의 속성으로 구축하기 위한 캐릭터 형성 전략과 연관된다. 특정 셀러브리티의 캐릭터가 어느 정도 단단하게 구성된 이후, 다양한 대중문화 플랫폼들은 이 캐릭터를 적절한 방법으로 활용한다. 전문가ᐨ셀러브리티의 캐릭터가 미디어와 상호작용하면서 변주되는 모습을 보이는 것이다. 이 과정에서, 특정 캐릭터는 전문가ᐨ셀러브리티의 사회적 역할과 충돌하면서 논란을 빚기도 한다. 이 경우, 캐릭터와 사회적 역할이 교차되면서 전문가ᐨ셀러브리티 개인 자체가 비판 및 책임의 대상이 된다. 본 연구는 캐릭터로 존재하는 전문가ᐨ셀러브리티를 사회적 구성물로서 바라봄으로써 미디어에 의해 만들어지고 버려지는 상호작용 양상이 갖는 위험성을 지적하고, 전문가ᐨ셀러브리티의 특성과 역할이 드러내는 사회적 · 문화적 가치를 해석하여 대중문화 장을 비판적으로 읽어 냈다는 의의를 갖는다."
NODE02271218,공영방송과 ‘조직저널리즘’,KBS 공영미디어연구소,방송문화연구,2009,6,1,null,null,http://www.dbpia.co.kr/journal/articleDetail?nodeId=NODE02271218,"‘조직저널리즘’은 매스미디어에 속한 저널리스트가 저널리즘의 실천보다는 미디어조직의 존속과 발전을 우선시하는 직업적 행동양식이라고 할 수 있다. 이 논문에서는 그 제도화 과정을 고찰하고, NHK의 프로그램 제작과정에서 그 실태를 분석하였다. 일본에서는 패전 직후 소유권을 확립하기 위해 편집과 관련된 일체의 권한(편집권)이 경영진에 귀속된다고 선언하였다. ‘55년체제’에서는 불편부당, 객관보도 등 저널리즘 원리를 제도화하였으며, 기자클럽 등 취재시스템을 관행화하였다. 1990년대 이후 보수세력의 분열 과정에서 권력화된 방송은 정치적 행위자로 변모하였다. 이러한 상황에서 새롭게 대두한 시민사회와 신보수주의가‘위안부’문제를 둘러싸고 충돌하였다. 이를 다루는 NHK 다큐멘터리의 제작과정에 정치적 압력이 가해지자, NHK 경영진은 제작진을 배제한 채 편집방침을 결정하고, ‘편집권’으로 이를 관철시켰다. 이때 사용된 논리가 조직저널리즘의 관행이었다. 결론적으로 공영방송의 제도적 모순을 해결하기 위해‘공적인 것’(the public)의 재구축이 필요하며, 이를 저널리스트의 자유, 평등, 연대의 측면에서 논의하였다."
NODE02109727,‘지구온난화’ 對 ‘기후변화’,한국언론학회,커뮤니케이션 이론,2013,3,1,null,null,http://www.dbpia.co.kr/journal/articleDetail?nodeId=NODE02109727,"‘지구온난화’와 ‘기후변화’는 신문, 방송 등 언론매체의 보도나 일상의 대화에서 동일한 현상을 지칭하는 용어로 번갈아 쓰이고 있다. 하지만 이 두 용어를 구별하지 않고 사용함으로써 발생하는 잠정적 커뮤니케이션 효과에 관한 국내연구는 부족한 실정이다. 이 연구는 이 점에 착안해 ‘지구온난화’와 ‘기후변화’의 단어 선택(강조 프레임)이 지구기후변화에 대한 시민의 판단과 의사결정에 미치는 영향을 탐구했다. 또한 각각의 프레임과 함께 제시되는 기온에 대한 증거가 프레임의 효과를 조절하는지도 살펴봤다. 이를 위해 2012년 3월, 216명의 시민을 대상으로 2(프레임: 지구온난화 대 기후변화) × 3(증거: 여름의 고온일 증가 추세, 겨울의 저온일 증가 추세, 여름의 고온일과 겨울의 저온일 증가 추세 동시 제시) 요인설계에 의한 온라인 실험을 수행했다. 실험 결과, ‘지구온난화’ 프레임이 ‘기후변화’ 프레임에 비해 시민들로부터 정부의 강력한 환경 규제정책과 예방책에 관한 정보추구 행위를 견인하는 데 보다 효과적인 것으로 나타났다. 구체적으로 ‘지구온난화’ 프레임은 시민들로 하여금 (1) 반박증거에 대한 생각을 상대적으로 줄이는 동시에 (2) 예방행동에 대한 우호적 태도를 고양시키는 것에서 상대적 우위를 나타냈다. 특히 예방행동에 대한 우호적 태도는 ‘지구온난화’ 프레임이 정책지지와 정보추구에 미치는 영향력을 설명(매개)하는 것으로 관찰됐다. 프레임과 함께 제시되는 증거의 조절효과는나타나지 않았다. 연구결과를 토대로 ‘지구온난화’와 ‘기후변화’ 강조프레임의 차별적 효과가 갖는 환경커뮤니케이션 이론과 실천에의 함의와 후속연구에 대한 제언을 담았다."
NODE11771697,정읍시 MZ세대의 지역 관여에 미치는 구조·관계·행위자 요인 : 지역 스토리텔링 네트워크의 매개효과를 중심으로,한국지역언론학회,언론과학연구,2023,12,20,"[""최지은"", ""이민희"", ""유경한""]",#N/A,#N/A,"‘지방소멸’을 대표하는 도시 중 하나인 정읍시는 1960년대에 약 28만이었던 인구가 60년이 지난 현재 10만 명(2022년 12월 기준)으로 급속한 인구감소를 겪고 있으며, 최근 인구 유출을 억제하기 위한 다양한 청년 지원정책에도 불구하고, 고령화와 인구감소 문제가 지속되고 있다. 본 연구는 지방소멸과 청년층 이탈로 위기에 직면한 지역 도시를 대표하는 정읍시 청년층을 대상으로, 청년층이 지역에 정착하여 커뮤니티를 형성하고 활성화하는 데 필요한 요인이 무엇인지에 관해 구조, 관계, 행위자 요인으로 세분화하여 각 요인이 지역 관여도에 미치는 영향을 분석했다. 또한, 본 연구에서는 커뮤니케이션 하부구조이론의 핵심 개념인 ‘지역 스토리텔링 네트워크의 통합적 연결성(Integrated connectedness to a community storytelling network, ICSN)’에 주목하여 구조·관계·행위자 요인이 지역 관여도의 관계에 미치는 매개효과를 검증했다. 주요 연구결과는 다음과 같다. 첫째, 정읍시 청년층은 지역 미디어 이용이나 커뮤니티 참여가 저조하여 지역 스토리텔링 네트워크 연결성(ICSN)이 낮았다. 둘째, 구조 요인(주거만족도, 생활만족도)은 지역 관여에 직접적인 영향을 미쳤지만, ICSN의 매개효과는 발견되지 않았다. 셋째, 관계 요인(공동체 의식)은 지역 관여에 유의한 정적 영향을 미쳤고, ICSN을 거쳐 지역 관여를 높이는 데 영향을 미치는 매개효과도 발견되었다. 넷째, 행위자 요인(자아존중감, 상호의존적 자기해석)은 집합적 효능감을 높이는 데 정의 영향을 미치는 것으로 관찰되었으나, ICSN의 매개효과는 발견되지 않았다. 이러한 분석결과를 토대로, 지역 청년층의 스토리텔링 네트워크 연결성을 강화하고 청년층의 지역 커뮤니티 관여를 높이는 구체적인 방안으로서, 청년의 능력 발휘를 위한 직업 환경의 개선이나 일자리 다양화, 주거환경 개선 및 지원, 청년층 생활 복지 제도 재정비, 청년층과 기존 주민 연계를 활성화하는 리빙랩 프로젝트와 지역 커뮤니티 활성화 프로젝트 등을 제시했다."
NODE11771697,정읍시 MZ세대의 지역 관여에 미치는 구조·관계·행위자 요인 : 지역 스토리텔링 네트워크의 매개효과를 중심으로,한국지역언론학회,언론과학연구,2023,12,20,"[""최지은"", ""이민희"", ""유경한""]",#N/A,#N/A,"‘지방소멸’을 대표하는 도시 중 하나인 정읍시는 1960년대에 약 28만이었던 인구가 60년이 지난 현재 10만 명(2022년 12월 기준)으로 급속한 인구감소를 겪고 있으며, 최근 인구 유출을 억제하기 위한 다양한 청년 지원정책에도 불구하고, 고령화와 인구감소 문제가 지속되고 있다. 본 연구는 지방소멸과 청년층 이탈로 위기에 직면한 지역 도시를 대표하는 정읍시 청년층을 대상으로, 청년층이 지역에 정착하여 커뮤니티를 형성하고 활성화하는 데 필요한 요인이 무엇인지에 관해 구조, 관계, 행위자 요인으로 세분화하여 각 요인이 지역 관여도에 미치는 영향을 분석했다. 또한, 본 연구에서는 커뮤니케이션 하부구조이론의 핵심 개념인 ‘지역 스토리텔링 네트워크의 통합적 연결성(Integrated connectedness to a community storytelling network, ICSN)’에 주목하여 구조·관계·행위자 요인이 지역 관여도의 관계에 미치는 매개효과를 검증했다. 주요 연구결과는 다음과 같다. 첫째, 정읍시 청년층은 지역 미디어 이용이나 커뮤니티 참여가 저조하여 지역 스토리텔링 네트워크 연결성(ICSN)이 낮았다. 둘째, 구조 요인(주거만족도, 생활만족도)은 지역 관여에 직접적인 영향을 미쳤지만, ICSN의 매개효과는 발견되지 않았다. 셋째, 관계 요인(공동체 의식)은 지역 관여에 유의한 정적 영향을 미쳤고, ICSN을 거쳐 지역 관여를 높이는 데 영향을 미치는 매개효과도 발견되었다. 넷째, 행위자 요인(자아존중감, 상호의존적 자기해석)은 집합적 효능감을 높이는 데 정의 영향을 미치는 것으로 관찰되었으나, ICSN의 매개효과는 발견되지 않았다. 이러한 분석결과를 토대로, 지역 청년층의 스토리텔링 네트워크 연결성을 강화하고 청년층의 지역 커뮤니티 관여를 높이는 구체적인 방안으로서, 청년의 능력 발휘를 위한 직업 환경의 개선이나 일자리 다양화, 주거환경 개선 및 지원, 청년층 생활 복지 제도 재정비, 청년층과 기존 주민 연계를 활성화하는 리빙랩 프로젝트와 지역 커뮤니티 활성화 프로젝트 등을 제시했다."
NODE11771697,정읍시 MZ세대의 지역 관여에 미치는 구조·관계·행위자 요인 : 지역 스토리텔링 네트워크의 매개효과를 중심으로,한국지역언론학회,언론과학연구,2023,12,20,"[""최지은"", ""이민희"", ""유경한""]",#N/A,#N/A,"‘지방소멸’을 대표하는 도시 중 하나인 정읍시는 1960년대에 약 28만이었던 인구가 60년이 지난 현재 10만 명(2022년 12월 기준)으로 급속한 인구감소를 겪고 있으며, 최근 인구 유출을 억제하기 위한 다양한 청년 지원정책에도 불구하고, 고령화와 인구감소 문제가 지속되고 있다. 본 연구는 지방소멸과 청년층 이탈로 위기에 직면한 지역 도시를 대표하는 정읍시 청년층을 대상으로, 청년층이 지역에 정착하여 커뮤니티를 형성하고 활성화하는 데 필요한 요인이 무엇인지에 관해 구조, 관계, 행위자 요인으로 세분화하여 각 요인이 지역 관여도에 미치는 영향을 분석했다. 또한, 본 연구에서는 커뮤니케이션 하부구조이론의 핵심 개념인 ‘지역 스토리텔링 네트워크의 통합적 연결성(Integrated connectedness to a community storytelling network, ICSN)’에 주목하여 구조·관계·행위자 요인이 지역 관여도의 관계에 미치는 매개효과를 검증했다. 주요 연구결과는 다음과 같다. 첫째, 정읍시 청년층은 지역 미디어 이용이나 커뮤니티 참여가 저조하여 지역 스토리텔링 네트워크 연결성(ICSN)이 낮았다. 둘째, 구조 요인(주거만족도, 생활만족도)은 지역 관여에 직접적인 영향을 미쳤지만, ICSN의 매개효과는 발견되지 않았다. 셋째, 관계 요인(공동체 의식)은 지역 관여에 유의한 정적 영향을 미쳤고, ICSN을 거쳐 지역 관여를 높이는 데 영향을 미치는 매개효과도 발견되었다. 넷째, 행위자 요인(자아존중감, 상호의존적 자기해석)은 집합적 효능감을 높이는 데 정의 영향을 미치는 것으로 관찰되었으나, ICSN의 매개효과는 발견되지 않았다. 이러한 분석결과를 토대로, 지역 청년층의 스토리텔링 네트워크 연결성을 강화하고 청년층의 지역 커뮤니티 관여를 높이는 구체적인 방안으로서, 청년의 능력 발휘를 위한 직업 환경의 개선이나 일자리 다양화, 주거환경 개선 및 지원, 청년층 생활 복지 제도 재정비, 청년층과 기존 주민 연계를 활성화하는 리빙랩 프로젝트와 지역 커뮤니티 활성화 프로젝트 등을 제시했다."
NODE11771697,정읍시 MZ세대의 지역 관여에 미치는 구조·관계·행위자 요인 : 지역 스토리텔링 네트워크의 매개효과를 중심으로,한국지역언론학회,언론과학연구,2023,12,20,"[""최지은"", ""이민희"", ""유경한""]",#N/A,#N/A,"‘지방소멸’을 대표하는 도시 중 하나인 정읍시는 1960년대에 약 28만이었던 인구가 60년이 지난 현재 10만 명(2022년 12월 기준)으로 급속한 인구감소를 겪고 있으며, 최근 인구 유출을 억제하기 위한 다양한 청년 지원정책에도 불구하고, 고령화와 인구감소 문제가 지속되고 있다. 본 연구는 지방소멸과 청년층 이탈로 위기에 직면한 지역 도시를 대표하는 정읍시 청년층을 대상으로, 청년층이 지역에 정착하여 커뮤니티를 형성하고 활성화하는 데 필요한 요인이 무엇인지에 관해 구조, 관계, 행위자 요인으로 세분화하여 각 요인이 지역 관여도에 미치는 영향을 분석했다. 또한, 본 연구에서는 커뮤니케이션 하부구조이론의 핵심 개념인 ‘지역 스토리텔링 네트워크의 통합적 연결성(Integrated connectedness to a community storytelling network, ICSN)’에 주목하여 구조·관계·행위자 요인이 지역 관여도의 관계에 미치는 매개효과를 검증했다. 주요 연구결과는 다음과 같다. 첫째, 정읍시 청년층은 지역 미디어 이용이나 커뮤니티 참여가 저조하여 지역 스토리텔링 네트워크 연결성(ICSN)이 낮았다. 둘째, 구조 요인(주거만족도, 생활만족도)은 지역 관여에 직접적인 영향을 미쳤지만, ICSN의 매개효과는 발견되지 않았다. 셋째, 관계 요인(공동체 의식)은 지역 관여에 유의한 정적 영향을 미쳤고, ICSN을 거쳐 지역 관여를 높이는 데 영향을 미치는 매개효과도 발견되었다. 넷째, 행위자 요인(자아존중감, 상호의존적 자기해석)은 집합적 효능감을 높이는 데 정의 영향을 미치는 것으로 관찰되었으나, ICSN의 매개효과는 발견되지 않았다. 이러한 분석결과를 토대로, 지역 청년층의 스토리텔링 네트워크 연결성을 강화하고 청년층의 지역 커뮤니티 관여를 높이는 구체적인 방안으로서, 청년의 능력 발휘를 위한 직업 환경의 개선이나 일자리 다양화, 주거환경 개선 및 지원, 청년층 생활 복지 제도 재정비, 청년층과 기존 주민 연계를 활성화하는 리빙랩 프로젝트와 지역 커뮤니티 활성화 프로젝트 등을 제시했다."
NODE10973873,지속가능한 광고에 대한 탐색적 고찰,한국광고학회,null,2005,,,null,#N/A,#N/A,'지속가능한' 이란 근본적으로 엔트로피를 생각할 때 나올 수 있는 개념이다 1987년 UN의 보고서에서 지속가능한 발전이란 말이 처음 쓰인 이후로 지속가능한 이란 말은 보편적 으로 쓰이게 되었다 하지만 아직 광고인들에 있어서 지속가능성이란 개념은 희박하다 . 지속가능한 광고의 의미는 좁은 의미와 넓은 의미로 구분할 수 있다 좁은 의미에 있어서 지속가능한 광고란 미시적 기능적 관점에서 일시적이지 않고 지속적으로 하는 광고이다. 광고를 지속적으로 하는 것이 광고전략 차원에서 인간의 심리적 반응 차원에서 광고매체  노출의 차원에서 그리고 브랜드 관리 차원에서 효과적이다 넓은 의미에 있어서 지속가능한 광고란 마케팅적 효과라는 미시적 기능을 떠나 거시적 비판적 관점에서 사회문화 더 나아가서는 생태적 환경에 부정적 영향을 끼치지 않는 광고이다.
NODE11255164,한국지역도서전 ‘천인독자상’ 수상작에 나타난 ‘지역성’ 구현 방식,한국출판학회,null,2022,4,,null,#N/A,#N/A,"‘천인독자상(千人讀者賞)’은 지역 소재 출판사가 발행한 책들을 대상으로 대상(大賞)과 공로상(功勞賞)을 선정하여 한국지역도서전에서 수여된다. 다른 ‘책상(冊賞)’들과 달리 천인독자상 심사기준에는 ‘지역성’ 항목을 별도로 두고 있다. 본 연구에서는 5년 동안 대상(大賞)을 수상한 책들을 중심으로 ‘지역성’이 어떻게 구현되고 있는지 살펴보았다. 수상작 15권 가운데 그림책 1권을 제외한 모든 책은 지역 소재 출판사와 그 지역에 터를 잡고 살아온 저자가 함께 엮어낸 ‘콜라보레이션’ 작품이다. 연구결과 첫째, 천인독자상 대상 주요 수상작들은 ‘답사’를 통한 기록을 담고 있었으며 둘째, 잃어버렸던 지역의 공간 즉 ‘장소성’을 복원하여 그곳에 살고 있는 사람들의 유대감과 공동체 의식을 회복시키려는 의도가 드러났다. 셋째, 지리적 개념으로 인간과 자연, 문화, 역사를 묶어 새로운 지리서를 만들어내고 있었고, 기억을 재생하여 스토리텔링화하고 있었다. 이와 같은 ‘지역성’ 구현 방식을 통해 볼 때, 천인독자상 수상작은 은 ‘답사형 인문지리서’이자 ‘답사형 지역역사서’로 명명할 수 있다."
NODE01965290,트위터 공간의 자정 행위자는 누구인가?,SBS,미디어 경제와 문화,2012,8,1,null,null,http://www.dbpia.co.kr/journal/articleDetail?nodeId=NODE01965290,"‘출판 후 여과모델(publish-then-filter model)’의 소통 시스템을 갖는 트위터 공간은 불확실한 정보나 오류가 쉽게 확산될 수 있는 위험성을 내재하고 있지만, 트위터 이용자들의 자발적인 오류 수정이나 왜곡방지 활동으로 자정작용(自淨作用) 또한 가능한 공간이다. 본 연구는 트위터 공간의 오류수정과 왜곡된 정보의 확산 방지활동에 참여적인 트위터 이용자의 속성과 트위터 이용행태 및 심리적 동인을 탐색하고자 하였다. 이를 위해 온라인 설문조사를 통해 수집한 트위터 이용자 884명의 인구사회학적 속성, 정치성향, 자기노출, 트위터 이용행태(이용시간, 트윗/리트윗 빈도, 따름벗/딸림벗 수) 및 리트윗 행위동기가 자정행위에 미치는 영향을 살펴보았다. 연구결과, 고학력이며 진보적 정치성향을 지닌, 그리고 자신의 정체성을 과감하게 노출하는 트위터 이용자일수록 트위터 자정행위에 더욱 적극적으로 참여함을 알 수 있었다. 한편, 트위터 이용량이 많다고 해서 자정행위를 많이 하는 것은 아닌 것으로 나타났으며, 트위터 이용자가 자신의 트위터를 지인들과의 관계 관리를 위해 이용하는 경우에는 오히려 이들의 자정행위 참여도가 낮아지는 것으로 나타났다. 반면 시의적절한 정보와 공분(公憤) 공유를 위해 트위터를 운영하는 자들은 트위터 공간에서 적극적인 자정행위를 하는 것으로 확인되었다. 본 연구는 트위터 공간의 자정작용 과정이 트위터 이용자 속성과 이들의 적극적인 커뮤니케이션 행동 및 심리적 동기에 의해 다르게 나타난다는 경험적 결과를 제시했다는데 중요한 의의를 가진다."
NODE06104393,크로스모델 광고전략이 광고효과에 미치는 영향,한국광고홍보학회,광고연구,2014,12,30,null,null,http://www.dbpia.co.kr/journal/articleDetail?nodeId=NODE06104393,"‘크로스모델 광고전략’이란 여성제품을 남성모델이, 남성제품을 여성모델이 광고하는 것으로, 동성모델이 광고에 등장해 제품 구입을 유도하던 기존 전략에서 벗어나, 이성 모델의 기용을 통해 감성을 자극하는 광고 전략을 말한다. 최근 여성 속옷 브랜드에 남성 모델(비비안-소지섭)이 등장하고, 여성 화장품 브랜드에 남성모델(더바디샵-현빈)이 등장하는 경우뿐만 아니라 남성 면도기 브랜드에 여성 모델(질레트-유인나)이 등장 하는 등 크로스모델 광고전략은 점점 활성화 되고 있다.
실험결과, 여성화장품 광고에서는 광고태도, 제품태도, 구매의도에 대해 심적소유방식과 모델성별 간의 상호작용이 유의하지 않게 나타난 반면, 남성화장품 광고에서는 광고태도, 제품태도, 구매의도에 대하여 심적 소유방식과 모델성별 간의 상호작용이 유의하게 나타났다. 이는 남성화장품 광고에서 결과 시뮬레이션의 경우, 여성모델로 인한 광고효과가 큰 반면, 과정 시뮬레이션의 경우, 남성모델로 인한 광고 효과가 크다는 사실을 나타낸다."
NODE10913326,티저의 사용여부와 유형에 따른 정보전달 및 호감도의 차이,한국광고학회,null,2010,,,null,#N/A,#N/A,"'티저(teaser)'는 오랜 시간동안 활용 빈도가 높았던 광고기법이다. 이러한 지속적인 수용은 티저를 통해 소비자의 궁금증을 유발하여 광고에 대한 관여도를 높인 후, 적정 시점에 본광고를 공개하게 되면, 소비자의 궁금증이 해소됨과 동시에 브랜드 인지에 강렬한 임팩트가 생성될 것이라는 실무자들의 직관에 기초한 것이었다. 그러나 그러한 실무적 기대에 비해, 티저 기법의 유효성을 객관적 방법으로 검증한 실증적 연구는 거의 부재했다. 이에 본 연구자들은 광고 캠페인에서 '티저(teaser)'의 사용여부와 유형에 따라 브랜드 인지도와 광고에 대한 정보성 평가 및 호감도가 어떻게 달리 나타나는지를 실험을 통해 살펴보았다. 자료분석 결과, 티저의 사용은 캠페인 전체의 브랜드 인지도 창출에는 부정적 영향을 미치는 것으로 드러났다. 한편, 광고에 대한 호감도 측면에서 볼 때, 티저는 고관여 제품의 경우에 있어 특히 신중히 검토되어야 하는 기법으로 보이며, 저관여 제품의 경우에는 2개 단계의 암시형 티저보다는 3개 단계의 점진형 티저가 바람직한 것으로 밝혀졌다. 논문의 말미에 연구의 한계점들과 함께 향후 연구를 위한 조언들이 제시되었다."
NODE10820549,유튜브 뉴스채널의 ‘북한원전 건설 의혹’ 관련 보도 연구 : 언론사 채널과 개인채널 뉴스의 연관성을 중심으로,한국언론학회,한국언론학보,2021,12,31,null,10.20879/kjjcs.2021.65.6.008,http://www.dbpia.co.kr/journal/articleDetail?nodeId=NODE10820549,"‘포스트-진실’의 시대라 불리는 지금, 우리는 수많은 미디어 플랫폼에 둘러싸여 있지만, 진실과 거짓 정보의 구분을 하기 어려운 상황에 놓여있다. 디지털 미디어 기술이 우리에게 더 많은 정보를 소비하고 생산할 기회를 제공한 것은 사실이지만, 그러는 사이 공론장에서 언론의 수문장 역할은 과거 그 어느 때 보다 위기에 처하게 되었다. 이 연구는 “북한 원전 건설” 의혹과 관련한 정치 뉴스를 중심으로 유튜브 언론사 채널과 개인 채널들이 생산 주체에 따라 어떤 메시지를 생산하고, 확산 주체가 누구이며, 주요 쟁점이 어떤 양상으로 확산하는지 내용분석과 네트워크 분석을 통해 규명하고자 하였다. 이를 위해 이 연구는 채널 출처별로 영향력이 있는 동영상을 분석하고, 어떤 메시지를 생산하는지 살펴보았으며, 뉴스 관련 콘텐츠 생산 채널로서 주류 언론사와 개인 채널의 역학관계와 뉴스 전달 방식을 분석하였다. 연구 결과, 언론사의 쟁점보도가 보수 종편의 의혹 제기와 개인 유튜버 채널 메시지를 통해 전달되면서 북한 원전 추진 의혹은 크게 확산하는 양상을 확인할 수 있었다. 특히 유튜브 개인 채널들이 생산하는 정보가 이분법적이고 정파성이 강한 것으로 나타났다. 이에 비해 지상파 뉴스는 비교적 ‘중립적’ 입장의 뉴스를 생산하였다. 이러한 연구 결과는 언론 보도의 의혹 제기가 개인 채널의 주장을 통해 사실로 여겨지고 확산됨으로써 유튜브 저널리즘의 부정적인 단면을 함축한다."
NODE01109621,Realizing the Korean Wave into an Asiatic Cultural Flow,한국방송학회,한국방송학보,2005,11,1,null,null,http://www.dbpia.co.kr/journal/articleDetail?nodeId=NODE01109621,"‘한류’는 간단 없이, 그러고 예측할 수 없는 방향으로 계속 ‘만들어지는’ 과정이다. 현재의 상황과 한계, 그리고 이 과정의 다음 단계를 어떻게 평가하고 예측할 수 있는가? 이 논문은 비판적 미디어 문화연구의 시각에서 상기 질문들에 대해 답하고자 하는 시도이다. 저자들은 우선 한류의 약사를 기술하고, 이에 대한 몇 가지 사회 담론, 즉 비관적, 낙관적, 현실적 담론을 요약하였다. 이 세 가지 담론은문화적 진공이론, 경제적 환원론, 그리고 문화적 기능주의에 그 이론적 근거를 둔q는 공통점을 가지고 있다. 예를 들어, 한국 미디어는 의사 문화제국주의의 논리를 무비판적으로 수용함으로써 한류에 관한 민족주의적 담론을 생산하고 유통시키는 경향이 있다. 저자들은 새로운 시각, 즉 ‘간 아시아 문화 (inter-Asian culture)’ 개념을 도입하고자 한다. 한류 요때는 지배적 현실과 해방적 가능성이 공존하고 있다. 한류는 보다 민주적인 문화 교류를 진작시키고, 아시아 지역 내 미디어/문화의 새로운 다원적 질서를 형성하며, 새로운 문화적 정체성을 개발하고, 나아가 아시아공동체라는 집합적 감각을 만들어 내는 데에 중요한 도구로 활용될 수 있다. 결론적으로, 한류는 문화 생산, 유통, 소비의 아시아적 맥락 내에서 이해되어야 한다. 저자들은 간 아시아 문화로서 한류가 접한 적절한 위치를 찾게 되기를 기대한다."
NODE07584652,‘한반도 평화와 통일’을 위한 공영방송 법제 개선 방안,KBS 공영미디어연구소,방송문화연구,2018,12,30,null,null,http://www.dbpia.co.kr/journal/articleDetail?nodeId=NODE07584652,"‘한반도의 평화와 통일’은 헌법에 명시된 분명한 가치임에도 불구하고 지금까지 국민들에게 이러한 헌법가치를 제대로 인식시키지 못했다. 국가기간방송의 지위를 가지고 있는 KBS의 통일 관련 책무는 ‘헌법적 가치’와 ‘사회통합’의 관점에서 방송법 및 관련법에 분명하게 규정할 필요가 있다. 이를 위해 방송법과 방송통신발전기본법의 관련 규정을 법률 검토하였으며, 참고사례로서 독일통일 관련 규정과 문헌들을 살펴보았다. 법률검토 결과 방송법 및 방송통신발전 기본법은 헌법상의 목적가치를 제대로 명시하지 않고 있으며, 공영방송이 헌법적 가치에 기반하여 통일 후의 사회통합까지 책무를 이행하기에는 관련 법조항에 많은 문제점이 있는 것으로 나타났다. 분석결과를 토대로 방송법 제6조(방송의 공정성과 공익성) 제6항, 제43조(공사의 설치 등) 제1항, 제44조(공사의 공적 책임), 제54조(KBS업무) 제5호, 방송통신발전기본법 제22조 등에 대한 개선방안을 제시하였다. 한반도 평화와 통일의 단계적 과정에 국가기간방송이 제대로 기여할 수 있도록 법제의 틀을 재구성해야 할 것이다."
NODE07068717,TV 드라마 속 혼외관계의 사회적 변천에 관한 연구,한국방송학회,한국방송학보,2016,11,30,null,null,http://www.dbpia.co.kr/journal/articleDetail?nodeId=NODE07068717,"‘혼외관계’, 즉 불륜을 소재로 한 TV 드라마는 소위 ‘막장 드라마’라는 비난 속에도 여전히 많은 프로그램이 경쟁적으로 제작·방영되고 있으며, 높은 시청률을 구가하고 있다. 아울러 이에 대한 사회적 논란 또한 그치지 않고 있다. 본 연구는 ‘혼외관계’를 주제로 한 드라마의 시기별·장르별·방송사별 분포와 함께 드라마 속 ‘혼외관계’의 양상이나 관련인물, 그리고 해결방식 등의 특성이 어떻게 변천해왔는지를 알아보고자 1992년부터 2015년까지의 지상파 방송 3사의 관련 TV 드라마를 대상으로 내용분석을 실시하였다. 분석결과 첫째, 혼외관계는 사회적 비판과 논란의 대상임에도 불구하고 이를 소재로 한 TV 드라마의 비중이 최근으로 올수록 줄어들기보다는 오히려 늘어나고 있다는 것을 알 수 있었다. 둘째, 방영시기 및 방송형태별, 그리고 내용별 장르로 구분하여 분석한 결과 혼외관계를 다룬 드라마를 배치하는 데에 있어서 방송국별로 그 나름의 경향성이 있다는 것을 알 수 있었다. 방송시기 및 방송형태별로 볼 때 1990년대는 3사 모두 주간연속물에서 혼외관계를 다루는 빈도가 높았지만, 2000년대 이후에는 그 분포가 다양화되는 것을 확인할 수 있었다. 드라마 장르의 시기별 추이를 확인한 결과, MBC와 KBS는 분석대상 전반에 걸쳐 가족/홈드라마에서 혼외관계를 다루는 경우가 많으며, SBS는 1990년대는 주로 멜로드라마에 분포하다가 2010년대 이후로는 전 장르에 고루 분포하는 양상을 보였다. 셋째, 드라마 속 혼외관계의 구체적인 유형을 살펴본 결과 고액연봉자나 자산가의 남편과 전업주부인 아내 또는 하급관리자나 전문직의 내연녀라는 설정이 전형적임을 보여주었다. 넷째, TV 드라마 속 혼외관계는 삼각관계로 구성된 전형적인 멜로드라마 형식을 바탕으로 하면서도 차츰 변화된 모습을 보여주고 있었다. 즉, 드라마 속 혼외관계는 대부분 ‘사랑’으로 시작되지만, 최근으로 올수록 ‘경제적·사회적 충족’을 목적으로 하는 혼외관계가 늘어나고 있음을 보여주었고, 그 결말도 1990년대는 ‘사랑’하지만 상대방의 입장을 배려해서 어쩔 수 없이 끝낸다는 경우가 지배적이었다면, 최근에는 배우자, 특히 아내에게 발각되어 헤어지거나 또는 상대방에 대한 싫증으로 끝내는 경우가 많은 것으로 나타났다."
NODE07576338,"5월 19일, 여성들은 혜화역에 어떻게 모였나?",사단법인 언론과 사회,언론과 사회,2018,11,30,null,null,http://www.dbpia.co.kr/journal/articleDetail?nodeId=NODE07576338,"‘홍대모델 몰카사건’으로 명명되었던 불법촬영 범죄 사건에 대한 수사가 이례적으로 급속하게 진행되면서, 이에 불편함을 느낀 여성들이 온라인에서 규합하였고 5월 19일에 거리 시위를 조직하였다. 본 연구에서는 ‘혜화역시위’ 사례의 의제화와 조직화 과정을 통해 포스트미디어 시대의 사회운동이 갖는 특성을 고찰했다. 온라인 참여관찰을 통해 약 2주라는 짧은 시간 동안 온라인 공간에서 주류 언론의 해석을 뒤집고, 사건을 ‘불법촬영 편파수사’로 새롭게 의제화하고, ‘동일범죄 동일처벌’을 구호로 내세우게 된 과정에 주목했다. 이어서 ‘불법촬영 편파수사 규탄시위’를 오프라인 거리 집회로 조직하는 과정에서 나타난 새로운 조직화양상을 규명하고자 했다. ‘홍대사건’ 피의자에 대한 주류 언론의 보도가 온라인 공간에서 재해석되고, ‘불법촬영’이슈에 관련된 산발적이고 파편화된 사적발화가 공적 담론으로 정리되어 나갈 수 있었던 것은 지난 3∼4년간 트위터, 메신저, 커뮤니티 등에서 느슨한 여성 연대의 네트워크가 공감대를 형성하며 ‘연결행동(connective action)’을 창출했기 때문으로 보인다. 또한 포털 사이트의 ‘카페’를 임시 아지트로 삼아 빠른 시일 내에 오프라인 시위를 조직화하는 과정은 기존의 사회 조직과 의식적으로 차별화되는 행동 규율을 만들어 나가는 과정과 병행되는 것을 관찰할 수 있었다. 연구 결과, 혜화역시위 사례는 선행연구들과 유사한 ‘네트워크된 사회운동(networked social movement)’의 특성을 보여 주었지만, 동시에 한국 사회 페미니즘 운동이 갖는 특수한 맥락이 주요한 차이를 빚어내는 모습 또한 드러냈다. 앞으로 선행연구들이 간과한 젠더 관점의 논의가 더욱 심도 깊게 이루어져야 할 것으로 보인다."
NODE11322677,기업의 정치사회적 의견 표명 : 국내 사례 분석 및 설문연구,한국광고PR실학회,null,2021,11,,null,#N/A,#N/A,"‘CSA(Corporate Social Advocacy)’는 기업이 그들의 사업영역을 넘어선 논쟁적인 정치사회적 이슈에 적극적으로 입장을 표명하는 행동을 말한다. 해외에서는 이미 논의가 시작된 개념으로 국내에서도 일부 기업에 의해 현실에서 행해지고 있다. 본 연구는 국내 기업들의 CSA 사례분석과 설문조사를 통해 CSA에 대한 국내 공중의 반응과 인식을 살펴보았다. 이를 통해 차별적인 대 공중 커뮤니케이션 전략으로서 CSA의 국내 적용 가능성을 모색하고자 했다. 연구를 위해 국내 CSA 사례 관련 기사 및 댓글에 대한 사례분석과 일반공중을 대상으로 온라인 설문조사를 실시했다.
사례분석 결과, CSA는 이슈에 따라 주목도가 다른 것으로 나타났다. 공중들은 자신들과 의견을 같이하는 기업의 CSA를 지지했으며 더 나아가 구매의도까지 표현했다. 일부 공중들은 기업이 정치사회적 이슈에 대해 발언하는 것 자체에 대한 거부감도 표현했다. 설문조사 결과 또한 기업이 논쟁적 이슈에 대해 발언하는 것에 다소 부정적으로 나타났다.
CSA는 새로운 개념이며 아직 국내 사례도 많이 찾아보기 어렵지만, 미디어의 진화와 민주화의 성숙으로 우리 사회에서도 기업이 향후 정치사회적 문제에 자신들의 의견을 표현하는 것을 보다 많이 목격할 수 있을 것이다. CSA가 단순히 경제적인 기업 마케팅 전략의 도구로 쓰이는데 머무르지 않고, 기업이 시민사회의 일원으로서 담론의 다각화 형성에 기여할 수 있는 기회를 제공할 수 있을 것으로 기대한다."
NODE07193719,소수자운동으로서의 기자단교육의 성과와 대안적 방향 모색,한국언론학회,한국언론학보,2017,6,30,null,null,http://www.dbpia.co.kr/journal/articleDetail?nodeId=NODE07193719,"‘MWTV(Migrant World TV)’는 2016년 기자단교육을 실시했다. 기자단교육은 교육과정과 교육 후의 방송 참여를 통해 이주민이 시민기자, 주민기자로서 취재와 기사쓰기, 의견 개시와 공유를 통해 한국사회에서 커뮤니케이션의 주체가 됨을 목적으로 한다. 이 연구는 기자단교육을 수료한 이주민과 선주민 및 MWTV 관계자와의 인터뷰와 현장관찰 및 대화를 통해 현상 묘사뿐 아니라 비판과 해석, 대안 제시에 비중을 두었다. 연구결과, 기자단교육은 이주민과 선주민이 함께 참여함으로써 자연스럽게 서로의 정체성과 문화, 이슈를 이해하는 장이 되고 있었다. 5년 만에 재개된 MWTV의 5기 기자단교육은 전문화, 체계화된 교육과정을 갖추고 있었고, ‘아래로부터(bottom up)의’ 참여를 바탕으로 한 수평적인 교육방식을 갖추고 있었다. 특히, 10주 동안 매주 언론, 이주, 인권, 미디어 분야의 전문가들이 강사로 나와 전문성과 현장성을 갖춘 교육을 실시했고, 교육에 참여한 이주민들은 강의를 열심히 듣고, 질문도 하는 등 관심과 열기도 높았다. 이들은 교육과정과 교육 후 MWTV 웹진이나 홈페이지에 이주민 관련 이슈나 정책에 대해 뉴스나 칼럼을 게재하고 있었다. 이주민들은 거주지, 직업, 나이와 법적 지위, 출신국은 달랐지만 기자단교육과 이와 연계된 취재와 기사 게재를 통해 일종의 ‘디지털 공동체’와 ‘공론장’을 구축하고 있었고, 이 공동체를 통해 그들의 다양한 문화와 이슈들이 소통되고 있었다."
NODE11528749,디지털 불법촬영물 투명성 보고서에 대한 내용분석과 비판적 고찰,한국언론법학회,언론과법,2023,8,31,"[""고채은"", ""박아란""]",10.26542/JML.2023.8.22.2.69,http://www.dbpia.co.kr/journal/articleDetail?nodeId=NODE11528749,"‘N번방 사건’으로 대표되는 디지털 성폭력 문제의 공론화는 ‘N번방 방지법’이라 통칭되는 법률들의 제･개정을 초래했다. 그중 정보통신망법과 전기통신사업법 개정안은 2020년 12월부터 디지털 플랫폼에 사전적･사후적 차원에서 불법촬영물 등의 유통을 방지하고 관련 내용을 매년 투명성 보고서로 발행할 책임을 부여했다. 이 연구는 2022년 방송통신위원회가 공개한 87개 플랫폼 사업자의 ‘2021 투명성 보고서’에 대한 전수조사를 통해 디지털 플랫폼의 불법촬영물 신고 접수･처리의 양적 현황과 질적인 유통 방지책 이행 현황을 분석하고, 현재의 대응 노력과 보고 방식이 갖는 의의와 한계를 비판적으로 고찰했다. 분석 결과, 87개 사업자가 보고한 디지털 성범죄 관련 신고 건수의 절반 이상이 불법촬영물이었으며, 그 다음으로 많은 신고물이 아동･청소년 성착취물이었다. 그러나 투명성 보고서에서 과반수의 플랫폼 사업자가 신고 건수를 ‘0건’으로 보고했는데, 이는 별지 서식을 통한 신고 접수만 집계에 포함하고 신고 버튼 등을 통한 접수는 제외한 결과였다. 따라서 상당수의 신고 건수가 투명성 보고서에 누락되어 신고 집계방식에 허점이 있는 것으로 드러났다. 기술적･관리적 조치측면에서는 불법촬영물 신고에 대한 사업자의 처리기준이나 처리기간, 이의제기 절차가 투명성 보고서에 명확하게 제시되지 않은 경우가 많은 것으로 나타났다. 불법촬영물과 음란물, 아동･청소년 유해 콘텐츠 방지책이 혼동되어 작성되는 경향도 드러났다. 이러한 분석결과는 향후 투명성 보고서 작성에 있어 불법촬영물 신고 접수･처리 현황집계와 처리절차 보고 과정에서 보다 높은 충실성과 투명성이 요구됨을 시사한다. 또한 신고자 보호와 게시자의 방어권 확보를 위한 절차를 보완할 필요가 있으며, 불법촬영물 유통이 명백한 범죄라는 문제의식에 기반하여 플랫폼이 설계되고 운영될 필요성이 있음을 이 연구는 제안한다."
NODE11528749,디지털 불법촬영물 투명성 보고서에 대한 내용분석과 비판적 고찰,한국언론법학회,언론과법,2023,8,31,"[""고채은"", ""박아란""]",10.26542/JML.2023.8.22.2.69,http://www.dbpia.co.kr/journal/articleDetail?nodeId=NODE11528749,"‘N번방 사건’으로 대표되는 디지털 성폭력 문제의 공론화는 ‘N번방 방지법’이라 통칭되는 법률들의 제･개정을 초래했다. 그중 정보통신망법과 전기통신사업법 개정안은 2020년 12월부터 디지털 플랫폼에 사전적･사후적 차원에서 불법촬영물 등의 유통을 방지하고 관련 내용을 매년 투명성 보고서로 발행할 책임을 부여했다. 이 연구는 2022년 방송통신위원회가 공개한 87개 플랫폼 사업자의 ‘2021 투명성 보고서’에 대한 전수조사를 통해 디지털 플랫폼의 불법촬영물 신고 접수･처리의 양적 현황과 질적인 유통 방지책 이행 현황을 분석하고, 현재의 대응 노력과 보고 방식이 갖는 의의와 한계를 비판적으로 고찰했다. 분석 결과, 87개 사업자가 보고한 디지털 성범죄 관련 신고 건수의 절반 이상이 불법촬영물이었으며, 그 다음으로 많은 신고물이 아동･청소년 성착취물이었다. 그러나 투명성 보고서에서 과반수의 플랫폼 사업자가 신고 건수를 ‘0건’으로 보고했는데, 이는 별지 서식을 통한 신고 접수만 집계에 포함하고 신고 버튼 등을 통한 접수는 제외한 결과였다. 따라서 상당수의 신고 건수가 투명성 보고서에 누락되어 신고 집계방식에 허점이 있는 것으로 드러났다. 기술적･관리적 조치측면에서는 불법촬영물 신고에 대한 사업자의 처리기준이나 처리기간, 이의제기 절차가 투명성 보고서에 명확하게 제시되지 않은 경우가 많은 것으로 나타났다. 불법촬영물과 음란물, 아동･청소년 유해 콘텐츠 방지책이 혼동되어 작성되는 경향도 드러났다. 이러한 분석결과는 향후 투명성 보고서 작성에 있어 불법촬영물 신고 접수･처리 현황집계와 처리절차 보고 과정에서 보다 높은 충실성과 투명성이 요구됨을 시사한다. 또한 신고자 보호와 게시자의 방어권 확보를 위한 절차를 보완할 필요가 있으며, 불법촬영물 유통이 명백한 범죄라는 문제의식에 기반하여 플랫폼이 설계되고 운영될 필요성이 있음을 이 연구는 제안한다."
NODE11528749,디지털 불법촬영물 투명성 보고서에 대한 내용분석과 비판적 고찰,한국언론법학회,언론과법,2023,8,31,"[""고채은"", ""박아란""]",10.26542/JML.2023.8.22.2.69,http://www.dbpia.co.kr/journal/articleDetail?nodeId=NODE11528749,"‘N번방 사건’으로 대표되는 디지털 성폭력 문제의 공론화는 ‘N번방 방지법’이라 통칭되는 법률들의 제･개정을 초래했다. 그중 정보통신망법과 전기통신사업법 개정안은 2020년 12월부터 디지털 플랫폼에 사전적･사후적 차원에서 불법촬영물 등의 유통을 방지하고 관련 내용을 매년 투명성 보고서로 발행할 책임을 부여했다. 이 연구는 2022년 방송통신위원회가 공개한 87개 플랫폼 사업자의 ‘2021 투명성 보고서’에 대한 전수조사를 통해 디지털 플랫폼의 불법촬영물 신고 접수･처리의 양적 현황과 질적인 유통 방지책 이행 현황을 분석하고, 현재의 대응 노력과 보고 방식이 갖는 의의와 한계를 비판적으로 고찰했다. 분석 결과, 87개 사업자가 보고한 디지털 성범죄 관련 신고 건수의 절반 이상이 불법촬영물이었으며, 그 다음으로 많은 신고물이 아동･청소년 성착취물이었다. 그러나 투명성 보고서에서 과반수의 플랫폼 사업자가 신고 건수를 ‘0건’으로 보고했는데, 이는 별지 서식을 통한 신고 접수만 집계에 포함하고 신고 버튼 등을 통한 접수는 제외한 결과였다. 따라서 상당수의 신고 건수가 투명성 보고서에 누락되어 신고 집계방식에 허점이 있는 것으로 드러났다. 기술적･관리적 조치측면에서는 불법촬영물 신고에 대한 사업자의 처리기준이나 처리기간, 이의제기 절차가 투명성 보고서에 명확하게 제시되지 않은 경우가 많은 것으로 나타났다. 불법촬영물과 음란물, 아동･청소년 유해 콘텐츠 방지책이 혼동되어 작성되는 경향도 드러났다. 이러한 분석결과는 향후 투명성 보고서 작성에 있어 불법촬영물 신고 접수･처리 현황집계와 처리절차 보고 과정에서 보다 높은 충실성과 투명성이 요구됨을 시사한다. 또한 신고자 보호와 게시자의 방어권 확보를 위한 절차를 보완할 필요가 있으며, 불법촬영물 유통이 명백한 범죄라는 문제의식에 기반하여 플랫폼이 설계되고 운영될 필요성이 있음을 이 연구는 제안한다."
NODE11528749,디지털 불법촬영물 투명성 보고서에 대한 내용분석과 비판적 고찰,한국언론법학회,언론과법,2023,8,31,"[""고채은"", ""박아란""]",10.26542/JML.2023.8.22.2.69,http://www.dbpia.co.kr/journal/articleDetail?nodeId=NODE11528749,"‘N번방 사건’으로 대표되는 디지털 성폭력 문제의 공론화는 ‘N번방 방지법’이라 통칭되는 법률들의 제･개정을 초래했다. 그중 정보통신망법과 전기통신사업법 개정안은 2020년 12월부터 디지털 플랫폼에 사전적･사후적 차원에서 불법촬영물 등의 유통을 방지하고 관련 내용을 매년 투명성 보고서로 발행할 책임을 부여했다. 이 연구는 2022년 방송통신위원회가 공개한 87개 플랫폼 사업자의 ‘2021 투명성 보고서’에 대한 전수조사를 통해 디지털 플랫폼의 불법촬영물 신고 접수･처리의 양적 현황과 질적인 유통 방지책 이행 현황을 분석하고, 현재의 대응 노력과 보고 방식이 갖는 의의와 한계를 비판적으로 고찰했다. 분석 결과, 87개 사업자가 보고한 디지털 성범죄 관련 신고 건수의 절반 이상이 불법촬영물이었으며, 그 다음으로 많은 신고물이 아동･청소년 성착취물이었다. 그러나 투명성 보고서에서 과반수의 플랫폼 사업자가 신고 건수를 ‘0건’으로 보고했는데, 이는 별지 서식을 통한 신고 접수만 집계에 포함하고 신고 버튼 등을 통한 접수는 제외한 결과였다. 따라서 상당수의 신고 건수가 투명성 보고서에 누락되어 신고 집계방식에 허점이 있는 것으로 드러났다. 기술적･관리적 조치측면에서는 불법촬영물 신고에 대한 사업자의 처리기준이나 처리기간, 이의제기 절차가 투명성 보고서에 명확하게 제시되지 않은 경우가 많은 것으로 나타났다. 불법촬영물과 음란물, 아동･청소년 유해 콘텐츠 방지책이 혼동되어 작성되는 경향도 드러났다. 이러한 분석결과는 향후 투명성 보고서 작성에 있어 불법촬영물 신고 접수･처리 현황집계와 처리절차 보고 과정에서 보다 높은 충실성과 투명성이 요구됨을 시사한다. 또한 신고자 보호와 게시자의 방어권 확보를 위한 절차를 보완할 필요가 있으며, 불법촬영물 유통이 명백한 범죄라는 문제의식에 기반하여 플랫폼이 설계되고 운영될 필요성이 있음을 이 연구는 제안한다."